model,Accuracy,Precision,Recall,F1 Score,ROC-AUC,train_rows,test_rows,target_0,target_1
Logistic Regression,0.9953995569943772,0.9813333333333333,0.9945945945945946,0.9879194630872483,0.9982275404212786,23476,5869,23794,5551
