model,TP,TN,FP,FN,Error Rate,Precision,Recall,F1 Score
Baseline Classifier,0,4759,0,1110,0.1891293235644914,0.0,0.0,0.0
Naive Bayes,1074,4065,694,36,0.12438234792980064,0.6074660633484162,0.9675675675675676,0.7463516330785267
Logistic Regression,1104,4738,21,6,0.004600443005622764,0.9813333333333333,0.9945945945945946,0.9879194630872483
Random Forest,1109,4758,1,1,0.0003407735559720566,0.9990990990990991,0.9990990990990991,0.9990990990990991
