model,Accuracy,Precision,Recall,F1 Score,ROC-AUC,train_rows,test_rows,target_0,target_1
Random Forest,0.9996592264440279,0.9990990990990991,0.9990990990990991,0.9990990990990991,0.99999962139067,23476,5869,23794,5551
