model,Accuracy,Precision,Recall,F1 Score,ROC-AUC,train_rows,test_rows,target_0,target_1
Naive Bayes,0.8756176520701994,0.6074660633484162,0.9675675675675676,0.7463516330785267,0.9600980787469544,23476,5869,23794,5551
